Strain	Chi2	P-Value
Cryptococcus_floricola_DSM27421	959.2895941104796	2.0981743648281032e-160
Cryptococcus_amylolentus_CBS6273	892.8513734165185	6.312552211121381e-147
Cryptococcus_amylolentus_CBS6039	828.7381781285978	6.122025056635731e-127
Cryptococcus_wingfieldii_CBS7118	950.5042949403138	1.282180319798727e-158
Cryptococcus_sp._OR849	1007.0309135223824	3.9527096881165864e-170
