Strain	P/R AT Count	P/R GC Count	Genome-Wide AT Count	Genome-Wide GC Count	Chi2	P-Value
Cryptococcus_floricola_DSM27421	15736	16439	3498972	3840277	19.465148515267106	1.0245204954663798e-05
Cryptococcus_amylolentus_CBS6273	15872	16512	3453745	3782437	21.22097203060564	4.092617518122737e-06
Cryptococcus_amylolentus_CBS6039	14849	15516	3467333	3794634	16.128321071162674	5.9192221657924246e-05
Cryptococcus_wingfieldii_CBS7118	15379	16031	3378421	3696931	18.39184993253144	1.7982549581006397e-05
Cryptococcus_sp._OR849	15735	16264	3246667	3561184	28.032464532744303	1.1929721484965554e-07
